,,,,,,,,,,,,,,,,,,,,,,,,,,,,,,,,,,,,,,,,,,,,,,,,,,,,,,,,,,,,,,,,,,,,,,,,,
,yfp,,,,,,,,,,,,,,,,,,,,,,,,,,,,,,,,,,,,,,,,,,,,,,,,,,,,,,,,,,,,,,,,,,,,,,,,
,Time,A2,A3,A4,A5,A6,A7,A8,A9,A10,B2,B3,B4,B5,B6,B7,B8,B9,B10,C2,C3,C4,C5,C6,C7,C8,C9,C10,D2,D3,D4,D5,D6,D7,D8,D9,D10,E2,E3,E4,E5,E6,E7,E8,E9,E10,F2,F3,F4,F5,F6,F7,F8,F9,F10,G2,G3,G4,G5,G6,G7,G8,G9,G10,H2,H3,H4,H5,H6,H7,H8,H9,H10
D0,0:00:00,358191315,364040687,348136095,217918534,179402334,182655064,7867034,8430333,7477954,394015554,383165940,378011307,209035750,174469381,190421855,7405529,7841266,7971950,381806307,355835991,405266529,187255844,198334244,166383662,7801372,8202072,8320302,363869356,383516014,362905415,181318151,194124642,169695593,7546553,7775232,8506868,389835971,356624708,375524445,204483149,174375811,188871408,9111090,8280164,8123710,374007741,383338096,363990339,197117131,184853130,160351401,8768462,8333319,8008638,360551275,356437583,372374620,179583477,190148805,200100928,8734939,7828568,7772337,379116177,373361362,360860991,222689608,175217406,167502864,7688733,7589574,7784242
D4,73:54:41,1292429869,1344286737,1264404238,776953424,699386930,665031407,8666415,9518384,8048877,1075242094,1069079973,1072157572,652188750,576820755,615781860,8309863,8199476,7674461,1228313238,1158502770,1346946716,731063428,760236890,689630483,8245246,9015689,9270711,1123002975,1180572662,1089389202,651081922,765017598,652044161,8787687,8678275,8307506,1184133685,1088730586,1076966985,735282363,658010729,714310378,8564648,8952048,8681707,1060530862,1004931128,1000295648,633746941,606135696,530624795,9307464,7600236,6826481,991472630,962286859,964603298,574057669,582244290,661545538,7923831,8468734,7775506,1047408030,964588697,991765119,624213505,557783217,556780009,6450262,7169609,6977284
D7,167:25:50,4781235040,5060077978,4746474787,3843084279,3655405539,3504162327,17038589,18810794,16545449,1783255703,1822881964,1852033315,1944651958,1749605851,1849400524,14754216,16513861,13830095,2716941664,2546464597,3009454183,3705606785,3917155465,3588229553,16811671,17324791,15936197,1868669843,1990703586,1822143786,2864071033,3484348189,3099344535,16013032,15735528,15550647,1873609869,1723104066,1681859485,2125118356,1903103651,2170191181,12218632,12357378,13557490,1395300675,1315647463,1310140506,1643208227,1528011235,1335683737,12861183,13724065,14289675,1282468974,1282385984,1247968429,1175398125,1201751624,1299651862,12395660,13932348,11828955,1351201815,1289246223,1277296801,1006149206,901982499,950849479,8521872,7705118,9632496
D11,236:19:37,9249955090,9502523168,9374993731,8299635039,8259904923,8195174942,27689185,28813233,25748139,1763272610,1881116980,1876512702,3072715944,2861238693,3166314715,21537939,24491342,20645750,4257532152,3895829392,4959563591,8366540934,8889736934,8298244948,25705261,26506459,25733760,2177763548,2372494416,2088802859,6168422637,7421856593,7126690073,21465456,21009999,21771903,2042153129,1823136648,1880113225,3581061341,3264292491,3787996501,14028872,15544333,15601560,1404577921,1212561337,1291314980,2320549601,1998603554,1835454294,17246581,19029981,20903367,1336943519,1234575410,1171629592,1244533243,1353513750,1394743110,16089891,15527909,14940515,1259375095,1171632718,1225854211,1065695772,919453026,1011682488,8357495,8759810,8705494
D14,334:37:03,14496845333,14685621063,14497442751,13983137752,14091520217,14251168332,35272394,35109793,31255370,1660840916,1634323215,1875118720,5333723323,5105989996,5491703745,26188993,29265225,24177566,8460535783,7380763674,9470890604,14882001259,15218673154,14453558191,35187349,33812665,35351931,2586263074,2907038112,2305118450,11278134260,13629550747,13424892674,28773913,28165218,29989074,2144107536,1812072581,1957684613,6627226310,6428549508,7484394038,14047323,14910822,14736344,1209631636,1059024261,1187453214,3784055527,3219454049,3029028391,20440545,22957859,22549205,1217202828,1077087621,1069776929,1385237360,1491768082,1505500707,16737638,15439725,15351794,1090027620,942562898,1085143951,1056345453,894183591,1019968591,6097277,5924636,6194003
D18,408:50:32,18750972136,18474552014,18570298983,18123038724,19357091284,18810663646,61643601,63431750,57644522,1483714641,1922499185,1965272175,7376931603,6961738139,7619193377,46295488,48713251,43999676,13272353049,11703824567,14111174602,18063600635,18740397299,17004108068,58237720,56115202,58352463,3342584227,3976054466,2948829427,15252464828,17711056244,17166871668,49638709,51395108,54678218,2194878387,1882638964,1970842423,9682948633,9817985720,11331622489,25665961,29117572,29171444,1103247697,930630883,1107152995,5173037933,4390151744,4467119977,37577304,41677471,41663120,1105404646,890118115,873230836,1261301080,1474519334,1418141153,34326863,28879885,33332768,962358990,831484899,915300930,1000373242,756289072,920788084,11601003,10291599,10421720
,,,,,,,,,,,,,,,,,,,,,,,,,,,,,,,,,,,,,,,,,,,,,,,,,,,,,,,,,,,,,,,,,,,,,,,,,
,cfp,,,,,,,,,,,,,,,,,,,,,,,,,,,,,,,,,,,,,,,,,,,,,,,,,,,,,,,,,,,,,,,,,,,,,,,,
,Time,A2,A3,A4,A5,A6,A7,A8,A9,A10,B2,B3,B4,B5,B6,B7,B8,B9,B10,C2,C3,C4,C5,C6,C7,C8,C9,C10,D2,D3,D4,D5,D6,D7,D8,D9,D10,E2,E3,E4,E5,E6,E7,E8,E9,E10,F2,F3,F4,F5,F6,F7,F8,F9,F10,G2,G3,G4,G5,G6,G7,G8,G9,G10,H2,H3,H4,H5,H6,H7,H8,H9,H10
D0,0:00:00,129980447,132771624,124571471,384176862,380486595,382770109,678135059,778334534,718097519,135579247,141065748,136037240,448839325,408237582,397964089,655170800,700964663,758102360,126780401,143145136,139728001,425166497,443866045,442117084,735506505,734349394,764084851,129999509,130944934,129361585,386502670,520369192,416538947,725710567,724516452,746188287,142594555,132796665,374542409,444452202,429343912,451945276,772102584,738022639,730288894,127965472,144880524,135042906,435248497,450765706,390336099,948220932,744218776,732606770,143568101,123152847,124310546,437433909,417688914,449290930,772673463,746522297,760693753,130905145,123066779,112298497,429346225,378175629,411880555,730003486,683686058,723126294
D4,73:54:41,170765155,186269047,169941194,697063141,667540831,648093911,1232450209,1309521633,1291710234,146536559,159226647,137805050,750823688,663438650,619344687,1175314979,1144827313,1194247615,163981722,147755098,162255034,769790009,777284638,722228097,1262457919,1244252083,1348323090,132508564,144623528,133652977,671201545,851528727,743414309,1386420019,1257908589,1253927959,154912000,137096305,391320157,779455700,755550530,735611941,1345138422,1381112375,1316273073,140124485,125028361,148157188,721053601,721986768,668898379,1419742776,1180124027,1162025812,138702240,144874703,115984726,681658402,700083618,780439285,1285198398,1294946600,1281385093,125072916,118656096,99637870,669891954,626000415,662571061,1153872141,1174357937,1137677261
D7,167:25:50,331482014,321934790,330565713,1911832371,1905641108,1804137120,3489538339,3786863944,3663499170,165070847,169316268,162381803,1704016518,1520879491,1420690669,2863455682,3139052941,2842197454,199440519,186666129,200035113,2035801328,2134754105,1940081568,3601426769,3299484702,3634771263,136025913,132592577,133860910,1543464089,1932835018,1718123760,3544185805,3254527988,3452771853,143407560,126091064,397558675,1423120897,1318039245,1299738573,2675598067,2656876035,2804809640,108429989,102630913,105633713,1510460107,1392069577,1391576687,2717979863,2753980303,2806617420,101305449,97791709,87565505,1248713093,1196349702,1317935082,2517759123,2587039716,2515205300,95933226,91202060,82869225,990910069,927465605,972551146,1771884814,1704146818,1877790097
D11,236:19:37,571160272,549423979,580605202,3000405688,3312119267,3151183226,7526399222,7938351379,7545815267,166557088,176671801,195442773,2760791939,2542546660,2417581464,5295426673,5791967771,5289060816,275437138,241680797,289825816,3392126532,3570580814,3242782865,7184311343,6617156810,7166513069,146363154,150381072,138403065,2309700313,2831912358,2599877519,5933275072,5550777236,5998026614,134883424,120572536,374819615,1815183130,1597512040,1655245596,3596814871,3866817338,3862531331,106496636,76317521,89772252,2380467245,2155317307,2174704524,4400349162,4776358595,4920309319,102669627,78170590,72732828,1643881521,1470237583,1641366778,3712392996,3562854930,3700637024,81709195,73259231,73779791,1196598825,960298134,1083220100,2039170339,2050655963,2022597472
D14,334:37:03,1039054888,998272645,1032819977,3455210607,3824376707,3652370408,16921980074,17159765420,15767318433,207307162,179094357,203480202,5017477703,4934180840,4461453647,11017680480,12177317064,10844568352,529162337,441915748,535040275,3741117238,3833577170,3558721590,14902775565,14237556319,15317598839,179931802,190324912,155834128,2367158897,2820713008,2854665461,11511353926,11194640735,12476847844,158050374,132505160,401569794,2208276876,1942887340,1961646858,5196639945,5601428263,5675463309,93170949,70372206,92420517,4440466495,3760562050,4090814852,8253910953,9337798896,9177165814,109883787,74729102,77311398,2297707251,1934380041,2275343949,6236016494,5623858435,6127943424,94265706,78480378,82428945,1125572271,954665020,1121499079,2327742686,2292984601,2296172214
D18,408:50:32,977197725,916005108,982450927,2764978984,2903543120,2606491184,22021733785,22120897911,20561859551,131836054,161333366,172006124,6208258830,6555394142,5745377405,14897076959,15981629673,14312670548,615546606,528431203,620078769,2694581207,2888073265,2554078832,19782540672,19197156035,20018363957,172181544,207891203,161695026,1875689866,2171081607,2180121184,16204767706,16619624879,17957788258,125431816,105775096,382959489,2023869268,1830049986,1652851876,7289703638,8370949450,8359797086,66488400,49500558,67989053,6083198255,5139214594,6157305697,11511090397,12690807671,12687124401,81776237,46721393,48579329,3055471405,2243865233,2798253099,9246414532,7706668587,9286331864,53015489,47368590,44063048,1082124871,804661830,1057931122,2421784535,2384789875,2289269561
,,,,,,,,,,,,,,,,,,,,,,,,,,,,,,,,,,,,,,,,,,,,,,,,,,,,,,,,,,,,,,,,,,,,,,,,,
,,,,,,,,,,,,,,,,,,,,,,,,,,,,,,,,,,,,,,,,,,,,,,,,,,,,,,,,,,,,,,,,,,,,,,,,,
,yfp norm to cfp well D0,,,,,,,,,,,,,,,,,,,,,,,,,,,,,,,,,,,,,,,,,,,,,,,,,,,,,,,,,,,,,,,,,,,,,,,,
,Time,A2,A3,A4,A5,A6,A7,A8,A9,A10,B2,B3,B4,B5,B6,B7,B8,B9,B10,C2,C3,C4,C5,C6,C7,C8,C9,C10,D2,D3,D4,D5,D6,D7,D8,D9,D10,E2,E3,E4,E5,E6,E7,E8,E9,E10,F2,F3,F4,F5,F6,F7,F8,F9,F10,G2,G3,G4,G5,G6,G7,G8,G9,G10,H2,H3,H4,H5,H6,H7,H8,H9,H10
D0,0:00:00,350142555,355991927,340087335,209869774,171353574,174606304,,,,385966794,375117180,369962547,200986990,166420621,182373095,,,,373757547,347787231,397217769,179207084,190285484,158334902,,,,355820596,375467254,354856655,173269391,186075882,161646833,,,,381787211,348575948,367475685,196434389,166327051,180822648,,,,365958981,375289336,355941579,189068371,176804370,152302641,,,,352502515,348388823,364325860,171534717,182100045,192052168,,,,371067417,365312602,352812231,214640848,167168646,159454104,,,
D4,73:54:41,1284381109,1336237977,1256355478,768904664,691338170,656982647,,,,1067193334,1061031213,1064108812,644139990,568771995,607733100,,,,1220264478,1150454010,1338897956,723014668,752188130,681581723,,,,1114954215,1172523902,1081340442,643033162,756968838,643995401,,,,1176084925,1080681826,1068918225,727233603,649961969,706261618,,,,1052482102,996882368,992246888,625698181,598086936,522576035,,,,983423870,954238099,956554538,566008909,574195530,653496778,,,,1039359270,956539937,983716359,616164745,549734457,548731249,,,
D7,167:25:50,4773186280,5052029218,4738426027,3835035519,3647356779,3496113567,,,,1775206943,1814833204,1843984555,1936603198,1741557091,1841351764,,,,2708892904,2538415837,3001405423,3697558025,3909106705,3580180793,,,,1860621083,1982654826,1814095026,2856022273,3476299429,3091295775,,,,1865561109,1715055306,1673810725,2117069596,1895054891,2162142421,,,,1387251915,1307598703,1302091746,1635159467,1519962475,1327634977,,,,1274420214,1274337224,1239919669,1167349365,1193702864,1291603102,,,,1343153055,1281197463,1269248041,998100446,893933739,942800719,,,
D11,236:19:37,9241906330,9494474408,9366944971,8291586279,8251856163,8187126182,,,,1755223850,1873068220,1868463942,3064667184,2853189933,3158265955,,,,4249483392,3887780632,4951514831,8358492174,8881688174,8290196188,,,,2169714788,2364445656,2080754099,6160373877,7413807833,7118641313,,,,2034104369,1815087888,1872064465,3573012581,3256243731,3779947741,,,,1396529161,1204512577,1283266220,2312500841,1990554794,1827405534,,,,1328894759,1226526650,1163580832,1236484483,1345464990,1386694350,,,,1251326335,1163583958,1217805451,1057647012,911404266,1003633728,,,
D14,334:37:03,14488796573,14677572303,14489393991,13975088992,14083471457,14243119572,,,,1652792156,1626274455,1867069960,5325674563,5097941236,5483654985,,,,8452487023,7372714914,9462841844,14873952499,15210624394,14445509431,,,,2578214314,2898989352,2297069690,11270085500,13621501987,13416843914,,,,2136058776,1804023821,1949635853,6619177550,6420500748,7476345278,,,,1201582876,1050975501,1179404454,3776006767,3211405289,3020979631,,,,1209154068,1069038861,1061728169,1377188600,1483719322,1497451947,,,,1081978860,934514138,1077095191,1048296693,886134831,1011919831,,,
D18,408:50:32,18742923376,18466503254,18562250223,18114989964,19349042524,18802614886,,,,1475665881,1914450425,1957223415,7368882843,6953689379,7611144617,,,,13264304289,11695775807,14103125842,18055551875,18732348539,16996059308,,,,3334535467,3968005706,2940780667,15244416068,17703007484,17158822908,,,,2186829627,1874590204,1962793663,9674899873,9809936960,11323573729,,,,1095198937,922582123,1099104235,5164989173,4382102984,4459071217,,,,1097355886,882069355,865182076,1253252320,1466470574,1410092393,,,,954310230,823436139,907252170,992324482,748240312,912739324,,,
,,,,,,,,,,,,,,,,,,,,,,,,,,,,,,,,,,,,,,,,,,,,,,,,,,,,,,,,,,,,,,,,,,,,,,,,,
,,,,,,,,,,,,,,,,,,,,,,,,,,,,,,,,,,,,,,,,,,,,,,,,,,,,,,,,,,,,,,,,,,,,,,,,,
,cfp norm to yfp wells D0,,,,,,,,,,,,,,,,,,,,,,,,,,,,,,,,,,,,,,,,,,,,,,,,,,,,,,,,,,,,,,,,,,,,,,,,
,Time,A2,A3,A4,A5,A6,A7,A8,A9,A10,B2,B3,B4,B5,B6,B7,B8,B9,B10,C2,C3,C4,C5,C6,C7,C8,C9,C10,D2,D3,D4,D5,D6,D7,D8,D9,D10,E2,E3,E4,E5,E6,E7,E8,E9,E10,F2,F3,F4,F5,F6,F7,F8,F9,F10,G2,G3,G4,G5,G6,G7,G8,G9,G10,H2,H3,H4,H5,H6,H7,H8,H9,H10
D0,0:00:00,,,,241881454.1,238191187.1,240474701.1,535839651.1,636039126.1,575802111.1,,,,306543917.1,265942174.1,255668681.1,512875392.1,558669255.1,615806952.1,,,,282871089.1,301570637.1,299821676.1,593211097.1,592053986.1,621789443.1,,,,244207262.1,378073784.1,274243539.1,583415159.1,582221044.1,603892879.1,,,,302156794.1,287048504.1,309649868.1,629807176.1,595727231.1,587993486.1,,,,292953089.1,308470298.1,248040691.1,805925524.1,601923368.1,590311362.1,,,,295138501.1,275393506.1,306995522.1,630378055.1,604226889.1,618398345.1,,,,287050817.1,235880221.1,269585147.1,587708078.1,541390650.1,580830886.1
D4,73:54:41,,,,554767733.1,525245423.1,505798503.1,1090154801,1167226225,1149414826,,,,608528280.1,521143242.1,477049279.1,1033019571,1002531905,1051952207,,,,627494601.1,634989230.1,579932689.1,1120162511,1101956675,1206027682,,,,528906137.1,709233319.1,601118901.1,1244124611,1115613181,1111632551,,,,637160292.1,613255122.1,593316533.1,1202843014,1238816967,1173977665,,,,578758193.1,579691360.1,526602971.1,1277447368,1037828619,1019730404,,,,539362994.1,557788210.1,638143877.1,1142902990,1152651192,1139089685,,,,527596546.1,483705007.1,520275653.1,1011576733,1032062529,995381853.1
D7,167:25:50,,,,1769536963,1763345700,1661841712,3347242931,3644568536,3521203762,,,,1561721110,1378584083,1278395261,2721160274,2996757533,2699902046,,,,1893505920,1992458697,1797786160,3459131361,3157189294,3492475855,,,,1401168681,1790539610,1575828352,3401890397,3112232580,3310476445,,,,1280825489,1175743837,1157443165,2533302659,2514580627,2662514232,,,,1368164699,1249774169,1249281279,2575684455,2611684895,2664322012,,,,1106417685,1054054294,1175639674,2375463715,2444744308,2372909892,,,,848614661.1,785170197.1,830255738.1,1629589406,1561851410,1735494689
D11,236:19:37,,,,2858110280,3169823859,3008887818,7384103814,7796055971,7403519859,,,,2618496531,2400251252,2275286056,5153131265,5649672363,5146765408,,,,3249831124,3428285406,3100487457,7042015935,6474861402,7024217661,,,,2167404905,2689616950,2457582111,5790979664,5408481828,5855731206,,,,1672887722,1455216632,1512950188,3454519463,3724521930,3720235923,,,,2238171837,2013021899,2032409116,4258053754,4634063187,4778013911,,,,1501586113,1327942175,1499071370,3570097588,3420559522,3558341616,,,,1054303417,818002726.1,940924692.1,1896874931,1908360555,1880302064
D14,334:37:03,,,,3312915199,3682081299,3510075000,16779684666,17017470012,15625023025,,,,4875182295,4791885432,4319158239,10875385072,12035021656,10702272944,,,,3598821830,3691281762,3416426182,14760480157,14095260911,15175303431,,,,2224863489,2678417600,2712370053,11369058518,11052345327,12334552436,,,,2065981468,1800591932,1819351450,5054344537,5459132855,5533167901,,,,4298171087,3618266642,3948519444,8111615545,9195503488,9034870406,,,,2155411843,1792084633,2133048541,6093721086,5481563027,5985648016,,,,983276863.1,812369612.1,979203671.1,2185447278,2150689193,2153876806
D18,408:50:32,,,,2622683576,2761247712,2464195776,21879438377,21978602503,20419564143,,,,6065963422,6413098734,5603081997,14754781551,15839334265,14170375140,,,,2552285799,2745777857,2411783424,19640245264,19054860627,19876068549,,,,1733394458,2028786199,2037825776,16062472298,16477329471,17815492850,,,,1881573860,1687754578,1510556468,7147408230,8228654042,8217501678,,,,5940902847,4996919186,6015010289,11368794989,12548512263,12544828993,,,,2913175997,2101569825,2655957691,9104119124,7564373179,9144036456,,,,939829463.1,662366422.1,915635714.1,2279489127,2242494467,2146974153
,,,,,,,,,,,,,,,,,,,,,,,,,,,,,,,,,,,,,,,,,,,,,,,,,,,,,,,,,,,,,,,,,,,,,,,,,
,,,,,,,,,,,,,,,,,,,,,,,,,,,,,,,,,,,,,,,,,,,,,,,,,,,,,,,,,,,,,,,,,,,,,,,,,
,yfp norm to D0 mean,,,,,,,,,,,,,,,,,,,,,,,,,,,,,,,,,,,,,,,,,,,,,,,,,,,,,,,,,,,,,,,,,,,,,,,,
,Time,A2,A3,A4,A5,A6,A7,A8,A9,A10,B2,B3,B4,B5,B6,B7,B8,B9,B10,C2,C3,C4,C5,C6,C7,C8,C9,C10,D2,D3,D4,D5,D6,D7,D8,D9,D10,E2,E3,E4,E5,E6,E7,E8,E9,E10,F2,F3,F4,F5,F6,F7,F8,F9,F10,G2,G3,G4,G5,G6,G7,G8,G9,G10,H2,H3,H4,H5,H6,H7,H8,H9,H10
D0,0:00:00,0.962413332,0.978491108,0.934775224,1.170511453,0.955694177,0.973835702,,,,1.060881013,1.031059407,1.016891214,1.120969301,0.928181506,1.017153602,,,,1.027322275,0.955939411,1.091805812,0.999495737,1.061283548,0.883084842,,,,0.978020182,1.032021632,0.975370662,0.966379307,1.03780524,0.90155655,,,,1.049392874,0.958107305,1.010055743,1.095577976,0.927659636,1.008506258,,,,1.005886881,1.031532601,0.97835272,1.054495316,0.986095025,0.849440976,,,,0.968899996,0.957592967,1.00139803,0.95670447,1.015630714,1.071136915,,,,1.019928096,1.004110222,0.969751291,1.197121273,0.932353483,0.889326993,,,
D4,73:54:41,3.530292121,3.672827612,3.453259951,4.288429433,3.855816066,3.664204228,,,,2.933322666,2.916385258,2.924844447,3.592576585,3.172224956,3.389523611,,,,3.354059042,3.162175696,3.680138918,4.032486117,4.195195929,3.801401212,,,,3.064599793,3.222837726,2.972207872,3.586403448,4.22185948,3.591770166,,,,3.232625671,2.970397578,2.938063758,4.056016479,3.625047641,3.939048951,,,,2.89288689,2.740063634,2.727322402,3.489720665,3.335723842,2.91457518,,,,2.703071164,2.622850195,2.629217236,3.156814334,3.202473761,3.644762411,,,,2.856817043,2.629177103,2.703875109,3.436549616,3.066046463,3.060451249,,,
D7,167:25:50,13.11973666,13.88617352,13.02419348,21.38923064,20.34248574,19.49895354,,,,4.879392137,4.98831018,5.068436541,10.80106097,9.713225889,10.26981298,,,,7.44575205,6.977173182,8.249761572,20.62247429,21.80234955,19.96782359,,,,5.114164249,5.449590205,4.9862812,15.92895784,19.3884437,17.24115408,,,,5.127742567,4.714057371,4.60069116,11.80758031,10.56933265,12.058966,,,,3.813046199,3.594108763,3.57897216,9.119812006,8.477321208,7.404648689,,,,3.502913278,3.502685169,3.408083946,6.510684107,6.657666075,7.203687294,,,,3.691834623,3.521541447,3.488696873,5.56672827,4.985756931,5.258303847,,,
D11,236:19:37,25.40260743,26.09682435,25.74629275,46.24485234,46.02326466,45.66224467,,,,4.824465951,5.148376859,5.135721389,17.09263784,15.91316097,17.61466839,,,,11.68026969,10.6860816,13.60989637,46.6180081,49.53604103,46.23709935,,,,5.963749363,6.498993026,5.71922909,34.35839304,41.34919869,39.70295976,,,,5.59100611,4.989010213,5.145617905,19.92784416,18.16112206,21.08198832,,,,3.838545942,3.31076285,3.527227701,12.89756342,11.10196643,10.19203036,,,,3.652643802,3.371271454,3.19825651,6.89627297,7.504092425,7.73404187,,,,3.439436683,3.198265102,3.34730008,5.898838684,5.083195698,5.597589169,,,
D14,334:37:03,39.82438236,40.34325754,39.82602445,77.94358101,78.54806499,79.43847405,,,,4.542918831,4.470031407,5.131889844,29.70300561,28.43286336,30.5841134,,,,23.23278358,20.26488648,26.00987804,82.95683285,84.83456065,80.5672676,,,,7.086564584,7.968257394,6.313801232,62.85690364,75.97151218,74.83006807,,,,5.871241343,4.958599155,5.358833171,36.91728918,35.80920454,41.6979902,,,,3.302710177,2.888745797,3.241749838,21.06000824,17.9110436,16.84897826,,,,3.323520604,2.938395342,2.918300934,7.681025235,8.275181448,8.35177273,,,,2.973962648,2.568636268,2.960539235,5.846688937,4.942259904,5.643803439,,,
D18,408:50:32,51.51741509,50.75763766,51.02081092,101.0331447,107.915854,104.8682507,,,,4.056063731,5.262121347,5.379688593,41.09863752,38.78296959,42.44980961,,,,36.45870264,32.14739371,38.76431512,100.7016393,104.4763527,94.79250732,,,,9.165413758,10.90659087,8.083126376,85.02302772,98.73538542,95.70029244,,,,6.010791772,5.152560234,5.39499916,53.96003864,54.71318405,63.15522476,,,,3.010299787,2.535839539,3.021034017,28.80681134,24.44040243,24.8696791,,,,3.016228447,2.424484814,2.378067884,6.989792608,8.178979615,7.864540306,,,,2.623048457,2.26332363,2.493703127,5.534513855,4.173177674,5.090641747,,,
,,,,,,,,,,,,,,,,,,,,,,,,,,,,,,,,,,,,,,,,,,,,,,,,,,,,,,,,,,,,,,,,,,,,,,,,,
,,,,,,,,,,,,,,,,,,,,,,,,,,,,,,,,,,,,,,,,,,,,,,,,,,,,,,,,,,,,,,,,,,,,,,,,,
,cfp norm to D0 mean,,,,,,,,,,,,,,,,,,,,,,,,,,,,,,,,,,,,,,,,,,,,,,,,,,,,,,,,,,,,,,,,,,,,,,,,
,Time,A2,A3,A4,A5,A6,A7,A8,A9,A10,B2,B3,B4,B5,B6,B7,B8,B9,B10,C2,C3,C4,C5,C6,C7,C8,C9,C10,D2,D3,D4,D5,D6,D7,D8,D9,D10,E2,E3,E4,E5,E6,E7,E8,E9,E10,F2,F3,F4,F5,F6,F7,F8,F9,F10,G2,G3,G4,G5,G6,G7,G8,G9,G10,H2,H3,H4,H5,H6,H7,H8,H9,H10
D0,0:00:00,,,,0.860296578,0.847171454,0.855293198,0.893920453,1.061079341,0.960588271,,,,1.090280708,0.945873024,0.909333427,0.855610073,0.932006193,1.027326791,,,,1.006083872,1.072592308,1.066371802,0.989631005,0.987700642,1.037307149,,,,0.868568749,1.344690042,0.975398379,0.973288823,0.971296727,1.007451007,,,,1.074677085,1.020941629,1.101327603,1.050682821,0.993828574,0.980926668,,,,1.041942389,1.097132241,0.882203055,1.344494212,1.004165348,0.98479349,,,,1.049715215,0.979488452,1.091886925,1.051635196,1.008008223,1.031649912,,,,1.020949856,0.838952072,0.958829938,0.980450533,0.903180969,0.968977581
D4,73:54:41,,,,1.973135081,1.86813347,1.798966866,1.818662862,1.947238122,1.917524057,,,,2.164344509,1.853543297,1.69671488,1.72334638,1.672484992,1.75493096,,,,2.231801773,2.258457821,2.062638948,1.868723558,1.83835147,2.011969084,,,,1.881153483,2.522520793,2.137991669,2.075524709,1.861134087,1.854493357,,,,2.266179609,2.181156406,2.110241089,2.006656226,2.066670173,1.958501287,,,,2.058461633,2.061780616,1.872961843,2.131115768,1.731369128,1.701176579,,,,1.918345248,1.983877971,2.269677912,1.906660615,1.922923161,1.900299026,,,,1.876495678,1.72038722,1.850457554,1.687574127,1.721749784,1.660556838
D7,167:25:50,,,,6.293688781,6.271668398,5.910650502,5.584075219,6.080091963,5.874287308,,,,5.554552878,4.903191829,4.546851567,4.539605868,4.999374058,4.504141593,,,,6.734607536,7.086551573,6.394162328,5.770734335,5.267016127,5.826361658,,,,4.983518171,6.368388619,5.604727919,5.675241461,5.192016589,5.52273912,,,,4.555495127,4.181752601,4.116662842,4.226210314,4.194977076,4.441768957,,,,4.866133343,4.445055306,4.443302251,4.296914216,4.356972351,4.444784806,,,,3.93518119,3.748941008,4.181382126,3.962893742,4.078471861,3.958633298,,,,3.018256574,2.792604486,2.952959635,2.718580637,2.605575972,2.895258302
D11,236:19:37,,,,10.16540314,11.27407072,10.70167162,12.31861325,13.00585701,12.35100428,,,,9.313172081,8.536941976,8.092479911,8.596768501,9.425128706,8.586148589,,,,11.5586315,12.19333749,11.02746285,11.74792134,10.80175949,11.71822918,,,,7.708780444,9.566125138,8.740849886,9.660866181,9.022759916,9.768888661,,,,5.9499377,5.175749805,5.381089982,5.763040485,6.213475101,6.206324923,,,,7.960476258,7.159688442,7.228642701,7.103545496,7.730827411,7.970974806,,,,5.340671527,4.723074422,5.331727373,5.955854977,5.706386436,5.936242946,,,,3.74982706,2.909379509,3.346574444,3.164482684,3.183643704,3.136834815
D14,334:37:03,,,,11.7830018,13.09601,12.48423746,27.99289542,28.38958347,26.06661831,,,,17.33949658,17.04323572,15.36189315,18.14298201,20.07755863,17.85418578,,,,12.79988214,13.12873317,12.15115795,24.62433506,23.51457566,25.3163686,,,,7.913142632,9.526292557,9.647050799,18.96655822,18.43819792,20.57725418,,,,7.348049043,6.40414158,6.47086331,8.431966444,9.107259054,9.230768843,,,,15.28724842,12.86904125,14.04364704,13.53229278,15.34050089,15.07252296,,,,7.666124878,6.373883782,7.586585617,10.16591792,9.144678438,9.985623823,,,,3.497207852,2.889344287,3.482720784,3.645896709,3.587911148,3.593228918
D18,408:50:32,,,,9.328064089,9.820893324,8.764372621,36.50061622,36.66604788,34.06516481,,,,21.57473211,22.8093837,19.92840785,24.6148283,26.42414541,23.63988581,,,,9.077681244,9.765871895,8.5779583,32.76505743,31.788483,33.15847224,,,,6.165141211,7.21575712,7.247908065,26.79639792,27.48848801,29.72089394,,,,6.692168936,6.002814451,5.37257627,11.92374321,13.72754355,13.7089385,,,,21.12993081,17.77247657,21.39350777,18.96611858,20.93419504,20.92805038,,,,10.36125465,7.474625683,9.446409695,15.18804791,12.61934962,15.25464044,,,,3.342679058,2.355829919,3.25662947,3.802783069,3.741066316,3.581713491
,,,,,,,,,,,,,,,,,,,,,,,,,,,,,,,,,,,,,,,,,,,,,,,,,,,,,,,,,,,,,,,,,,,,,,,,,
,,,,,,,,,,,,,,,,,,,,,,,,,,,,,,,,,,,,,,,,,,,,,,,,,,,,,,,,,,,,,,,,,,,,,,,,,
,yfp proportion,,,,,,,,,,,,,,,,,,,,,,,,,,,,,,,,,,,,,,,,,,,,,,,,,,,,,,,,,,,,,,,,,,,,,,,,
,Time,A2,A3,A4,A5,A6,A7,A8,A9,A10,B2,B3,B4,B5,B6,B7,B8,B9,B10,C2,C3,C4,C5,C6,C7,C8,C9,C10,D2,D3,D4,D5,D6,D7,D8,D9,D10,E2,E3,E4,E5,E6,E7,E8,E9,E10,F2,F3,F4,F5,F6,F7,F8,F9,F10,G2,G3,G4,G5,G6,G7,G8,G9,G10,H2,H3,H4,H5,H6,H7,H8,H9,H10
D0,0:00:00,,,,0.576377203,0.530097285,0.532404087,,,,,,,0.506939196,0.495279882,0.527983623,,,,,,,0.498357548,0.497350183,0.452990245,,,,,,,0.526652133,0.435595926,0.480329355,,,,,,,0.504815307,0.476064371,0.478002689,,,,,,,0.502993871,0.473349711,0.490540181,,,,,,,0.476821712,0.50905767,0.495203472,,,,,,,0.539712752,0.526365132,0.481196687,,,
D4,73:54:41,,,,0.684881458,0.673628592,0.670710136,,,,,,,0.624044785,0.631192048,0.666410672,,,,,,,0.643726181,0.650049738,0.64825634,,,,,,,0.655942589,0.625981826,0.626862035,,,,,,,0.641551831,0.62434038,0.651158884,,,,,,,0.628984499,0.618012244,0.608783841,,,,,,,0.622012822,0.617481021,0.616248066,,,,,,,0.646813536,0.640570133,0.623194478,,,
D7,167:25:50,,,,0.772650829,0.764348385,0.767385179,,,,,,,0.660388602,0.664542166,0.693125835,,,,,,,0.753825807,0.754696396,0.757447624,,,,,,,0.761696407,0.752749541,0.75467229,,,,,,,0.721599088,0.716512207,0.745502145,,,,,,,0.652069758,0.656018744,0.624972936,,,,,,,0.623278582,0.639753766,0.632731082,,,,,,,0.648426103,0.640977793,0.640376948,,,
D11,236:19:37,,,,0.819795123,0.803235689,0.810132575,,,,,,,0.647305949,0.650842289,0.685205072,,,,,,,0.801318337,0.80247108,0.807429544,,,,,,,0.816750692,0.812116973,0.819567248,,,,,,,0.770075436,0.778215785,0.796656688,,,,,,,0.61834974,0.607938684,0.585053765,,,,,,,0.563561678,0.613722911,0.591931614,,,,,,,0.61136315,0.635989724,0.625837072,,,
D14,334:37:03,,,,0.868678808,0.857099218,0.864187672,,,,,,,0.631407859,0.625226524,0.665653355,,,,,,,0.866329143,0.865983139,0.868945597,,,,,,,0.888185143,0.888578513,0.885802796,,,,,,,0.833999935,0.84829107,0.865662916,,,,,,,0.579411218,0.581903646,0.545404546,,,,,,,0.500485444,0.564894846,0.524004577,,,,,,,0.625722765,0.631066099,0.618395711,,,
D18,408:50:32,,,,0.915476967,0.916585998,0.922870982,,,,,,,0.655759181,0.629671826,0.680522967,,,,,,,0.917309734,0.914516091,0.91701732,,,,,,,0.932390997,0.931895429,0.929596554,,,,,,,0.889663226,0.901132904,0.921600049,,,,,,,0.576866053,0.578979757,0.537569519,,,,,,,0.402845575,0.522498138,0.454310151,,,,,,,0.623453147,0.639174884,0.609856996,,,